Image,Title,Price
https://i.ebayimg.com/thumbs/images/g/um8AAOSwrhRkioK5/s-l300.webp,HERMES Candy Birkin 30 Rose tyrien/Ruby Hand Bag 800000109754000,"$10,184.00"
https://i.ebayimg.com/thumbs/images/g/um8AAOSwrhRkioK5/s-l300.webp,HERMES Candy Birkin 30 Rose tyrien/Ruby Hand Bag 800000109754000,"$10,184.00"
https://i.ebayimg.com/thumbs/images/g/bDMAAOSwzp1kgRDH/s-l300.webp,HERMES Birkin 30 Serie Kazak BlueIndigo/Rouge sellier Hand Bag 800000108650000,"$24,557.50"
https://i.ebayimg.com/thumbs/images/g/um8AAOSwrhRkioK5/s-l300.webp,HERMES Candy Birkin 30 Rose tyrien/Ruby Hand Bag 800000109754000,"$10,184.00"
https://i.ebayimg.com/thumbs/images/g/P6QAAOSwYXFknQya/s-l300.webp,Hermes GHW Birkin 30 Handbag Taurillon Clemence Leather Rose Tea Pink,"$10,700.00"
https://i.ebayimg.com/thumbs/images/g/P6QAAOSwYXFknQya/s-l300.webp,Hermes GHW Birkin 30 Handbag Taurillon Clemence Leather Rose Tea Pink,"$10,700.00"
https://i.ebayimg.com/thumbs/images/g/CtYAAOSwCmhk4ltA/s-l300.webp,Hermes Birkin 30 Handbag Togo Bronze Dâ€™or Hardware/ PHW,"$23,995.00"
https://i.ebayimg.com/thumbs/images/g/P6QAAOSwYXFknQya/s-l300.webp,Hermes GHW Birkin 30 Handbag Taurillon Clemence Leather Rose Tea Pink,"$8,120.00"
https://i.ebayimg.com/thumbs/images/g/P6QAAOSwYXFknQya/s-l300.webp,Hermes GHW Birkin 30 Handbag Taurillon Clemence Leather Rose Tea Pink,"$8,120.00"
