Product ID,Product Name
1,"2023 PANINI LEGACY FOOTBALL BASE, LEGENDS, & ROOKIE FROM #1-200 PICK YOUR PLAYER"
2,I'm a Parrot (Sing and Read CD Books) by Simon Mayor Mixed media product Book
3,I'm a Parrot (Sing and Read CD Books) by Simon Mayor Mixed media product Book
4,I'm a Parrot (Sing and Read CD Books) by Simon Mayor Mixed media product Book
5,I'm a Parrot (Sing and Read CD Books) by Simon Mayor Mixed media product Book
6,I'm a Parrot (Sing and Read CD Books) by Simon Mayor Mixed media product Book
7,I'm a Parrot (Sing and Read CD Books) by Simon Mayor Mixed media product Book
8,I'm a Parrot (Sing and Read CD Books) by Simon Mayor Mixed media product Book
9,I'm a Parrot (Sing and Read CD Books) by Simon Mayor Mixed media product Book
10,I'm a Parrot (Sing and Read CD Books) by Simon Mayor Mixed media product Book
11,I'm a Parrot (Sing and Read CD Books) by Simon Mayor Mixed media product Book
